Index,M1,M2,M3,M4,skew,kurt
337,5837.20,777049.04,31093985.15,1588214246190.75,-0.11,-0.68
338,5836.77,781908.61,20238039.64,1596326199648.59,-0.11,-0.68
339,5836.30,786687.60,9813781.41,1604442055181.61,-0.11,-0.68
340,5835.77,791387.23,-189262.93,1612561875434.68,-0.11,-0.67
341,5835.21,796008.68,-9781409.73,1620685731743.82,-0.11,-0.67
342,5834.60,800553.16,-18972819.77,1628813703997.97,-0.11,-0.66
343,5833.94,805021.86,-27773499.60,1636945880501.37,-0.11,-0.66
344,5833.25,809415.95,-36193303.05,1645082357836.96,-0.11,-0.66
345,5832.51,813736.60,-44241932.54,1653223240730.31,-0.11,-0.66
346,5831.73,817984.99,-51928940.56,1661368641914.66,-0.12,-0.65
347,5830.92,822162.27,-59263731.00,1669518681996.52,-0.12,-0.65
348,5830.06,826269.59,-66255560.53,1677673489322.21,-0.12,-0.65
349,5829.17,830308.09,-72913540.04,1685833199845.05,-0.12,-0.64
350,5828.24,834278.92,-79246635.93,1693997956993.60,-0.12,-0.64
351,5827.28,838183.19,-85263671.51,1702167911540.36,-0.12,-0.64
352,5826.28,842022.04,-90973328.35,1710343221471.59,-0.12,-0.64
353,5825.25,845796.57,-96384147.61,1718524051857.64,-0.12,-0.64
354,5824.19,849507.90,-101504531.40,1726710574724.28,-0.12,-0.63
355,5823.09,853157.12,-106342744.09,1734902968924.71,-0.12,-0.63
356,5821.96,856745.32,-110906913.63,1743101420012.38,-0.12,-0.63
357,5820.80,860273.60,-115205032.92,1751306120114.55,-0.12,-0.63
358,5819.62,863743.02,-119244961.03,1759517267806.72,-0.12,-0.63
359,5818.40,867154.66,-123034424.59,1767735067987.79,-0.12,-0.63
360,5817.15,870509.58,-126581019.01,1775959731756.00,-0.12,-0.63
361,5815.88,873808.83,-129892209.84,1784191476285.56,-0.12,-0.63
362,5814.59,877053.46,-132975333.98,1792430524704.32,-0.12,-0.63
363,5813.26,880244.52,-135837601.01,1800677105971.88,-0.12,-0.63
364,5811.91,883383.03,-138486094.43,1808931454758.64,-0.12,-0.62
365,5810.54,886470.02,-140927772.92,1817193811325.69,-0.12,-0.62
366,5809.14,889506.50,-143169471.60,1825464421405.31,-0.12,-0.62
367,5807.73,892493.50,-145217903.27,1833743536082.39,-0.12,-0.62
368,5806.28,895432.00,-147079659.66,1842031411676.38,-0.12,-0.62
369,5804.82,898323.00,-148761212.64,1850328309624.31,-0.12,-0.62
370,5803.34,901167.50,-150268915.48,1858634496364.35,-0.12,-0.62
371,5801.83,903966.47,-151609004.02,1866950243220.21,-0.12,-0.62
372,5800.31,906720.88,-152787597.91,1875275826286.28,-0.12,-0.62
373,5798.77,909431.70,-153810701.84,1883611526313.46,-0.12,-0.62
374,5797.20,912099.88,-154684206.67,1891957628595.98,-0.12,-0.62
375,5795.62,914726.38,-155413890.68,1900314422858.66,-0.12,-0.62
376,5794.03,917312.13,-156005420.72,1908682203145.06,-0.12,-0.62
377,5792.41,919858.08,-156464353.42,1917061267706.49,-0.12,-0.63
378,5790.78,922365.14,-156796136.30,1925451918891.59,-0.12,-0.63
379,5789.14,924834.24,-157006109.02,1933854463036.71,-0.12,-0.63
380,5787.48,927266.28,-157099504.43,1942269210357.16,-0.12,-0.63
381,5785.80,929662.18,-157081449.83,1950696474838.85,-0.12,-0.63
382,5784.11,932022.83,-156956968.02,1959136574131.26,-0.12,-0.63
383,5782.41,934349.11,-156730978.51,1967589829440.47,-0.12,-0.63
384,5780.69,936641.91,-156408298.57,1976056565423.44,-0.12,-0.63
385,5778.97,938902.11,-155993644.45,1984537110082.85,-0.12,-0.63
386,5777.22,941130.56,-155491632.39,1993031794662.52,-0.12,-0.63
387,5775.47,943328.12,-154906779.83,2001540953543.86,-0.12,-0.63
388,5773.71,945495.65,-154243506.43,2010064924142.80,-0.12,-0.63
389,5771.93,947633.99,-153506135.21,2018604046807.60,-0.12,-0.63
390,5770.15,949743.98,-152698893.65,2027158664717.31,-0.12,-0.64
391,5768.35,951826.43,-151825914.72,2035729123780.88,-0.12,-0.64
392,5766.54,953882.18,-150891238.01,2044315772537.36,-0.12,-0.64
393,5764.73,955912.03,-149898810.78,2052918962056.15,-0.12,-0.64
394,5762.91,957916.80,-148852489.02,2061539045838.75,-0.12,-0.64
395,5761.07,959897.27,-147756038.49,2070176379720.56,-0.12,-0.64
396,5759.23,961854.23,-146613135.82,2078831321773.86,-0.12,-0.64
397,5757.38,963788.48,-145427369.50,2087504232211.23,-0.12,-0.64
398,5755.53,965700.78,-144202240.94,2096195473289.81,-0.12,-0.64
399,5753.66,967591.90,-142941165.52,2104905409216.24,-0.12,-0.65
400,5751.79,969462.60,-141647473.57,2113634406052.30,-0.12,-0.65
401,5749.92,971313.63,-140324411.43,2122382831621.22,-0.12,-0.65
402,5748.03,973145.73,-138975142.44,2131151055414.83,-0.12,-0.65
403,5746.15,974959.65,-137602747.93,2139939448501.27,-0.12,-0.65
404,5744.25,976756.11,-136210228.28,2148748383433.43,-0.12,-0.65
405,5742.35,978535.83,-134800503.82,2157578234158.14,-0.12,-0.65
406,5740.45,980299.53,-133376415.91,2166429375926.00,-0.12,-0.65
407,5738.54,982047.91,-131940727.85,2175302185202.13,-0.12,-0.65
408,5736.62,983781.67,-130496125.89,2184197039577.03,-0.12,-0.66
409,5734.70,985501.51,-129045220.17,2193114317678.96,-0.12,-0.66
410,5732.78,987208.10,-127590545.73,2202054399086.31,-0.12,-0.66
411,5730.85,988902.12,-126134563.40,2211017664240.97,-0.12,-0.66
412,5728.92,990584.25,-124679660.81,2220004494362.41,-0.12,-0.66
413,5726.99,992255.14,-123228153.26,2229015271362.42,-0.12,-0.66
414,5725.05,993915.44,-121782284.76,2238050377760.35,-0.12,-0.66
415,5723.11,995565.81,-120344228.84,2247110196599.24,-0.12,-0.66
416,5721.17,997206.88,-118916089.57,2256195111362.71,-0.12,-0.67
417,5719.22,998839.28,-117499902.42,2265305505892.16,-0.12,-0.67
418,5717.27,1000463.64,-116097635.22,2274441764305.12,-0.12,-0.67
419,5715.32,1002080.57,-114711188.99,2283604270913.77,-0.12,-0.67
420,5713.37,1003690.68,-113342398.95,2292793410144.65,-0.12,-0.67
421,5711.41,1005294.58,-111993035.29,2302009566458.67,-0.12,-0.67
422,5709.46,1006892.85,-110664804.14,2311253124271.88,-0.12,-0.67
423,5707.50,1008486.09,-109359348.45,2320524467877.00,-0.12,-0.67
424,5705.54,1010074.87,-108078248.81,2329823981365.65,-0.12,-0.68
425,5703.58,1011659.77,-106823024.38,2339152048550.87,-0.12,-0.68
426,5701.61,1013241.35,-105595133.69,2348509052890.94,-0.12,-0.68
427,5699.65,1014820.16,-104395975.58,2357895377413.30,-0.12,-0.68
428,5697.68,1016396.76,-103226889.96,2367311404639.29,-0.12,-0.68
429,5695.72,1017971.69,-102089158.74,2376757516509.84,-0.12,-0.68
430,5693.75,1019545.49,-100984006.59,2386234094311.30,-0.12,-0.68
431,5691.78,1021118.68,-99912601.83,2395741518602.42,-0.12,-0.68
432,5689.81,1022691.79,-98876057.26,2405280169141.61,-0.12,-0.68
433,5687.84,1024265.32,-97875430.93,2414850424815.17,-0.12,-0.68
434,5685.88,1025839.78,-96911727.01,2424452663565.84,-0.12,-0.69
435,5683.91,1027415.68,-95985896.56,2434087262322.23,-0.12,-0.69
436,5681.93,1028993.51,-95098838.36,2443754596928.87,-0.12,-0.69
437,5679.96,1030573.74,-94251399.72,2453455042076.86,-0.12,-0.69
438,5677.99,1032156.86,-93444377.21,2463188971235.08,-0.12,-0.69
439,5676.02,1033743.34,-92678517.55,2472956756582.24,-0.12,-0.69
440,5674.05,1035333.63,-91954518.27,2482758768939.37,-0.12,-0.69
441,5672.08,1036928.21,-91273028.60,2492595377703.21,-0.12,-0.69
442,5670.11,1038527.51,-90634650.15,2502466950779.79,-0.12,-0.69
443,5668.13,1040131.98,-90039937.73,2512373854519.12,-0.12,-0.69
444,5666.16,1041742.04,-89489400.09,2522316453650.28,-0.12,-0.70
445,5664.19,1043358.14,-88983500.66,2532295111217.16,-0.12,-0.70
446,5662.22,1044980.69,-88522658.33,2542310188514.84,-0.12,-0.70
447,5660.25,1046610.11,-88107248.16,2552362045026.51,-0.12,-0.70
448,5658.27,1048246.79,-87737602.12,2562451038361.29,-0.12,-0.70
449,5656.30,1049891.14,-87414009.84,2572577524192.34,-0.12,-0.70
450,5654.33,1051543.56,-87136719.33,2582741856195.77,-0.12,-0.70
451,5652.36,1053204.43,-86905937.67,2592944385990.20,-0.12,-0.70
452,5650.39,1054874.13,-86721831.76,2603185463076.91,-0.12,-0.70
453,5648.41,1056553.02,-86584529.02,2613465434780.27,-0.12,-0.70
454,5646.44,1058241.48,-86494118.07,2623784646189.61,-0.12,-0.70
455,5644.47,1059939.87,-86450649.46,2634143440100.71,-0.12,-0.70
456,5642.50,1061648.53,-86454136.34,2644542156958.71,-0.12,-0.70
457,5640.52,1063367.81,-86504555.15,2654981134801.02,-0.12,-0.70
458,5638.55,1065098.05,-86601846.31,2665460709201.41,-0.12,-0.71
459,5636.58,1066839.58,-86745914.88,2675981213214.24,-0.12,-0.71
460,5634.61,1068592.72,-86936631.26,2686542977319.37,-0.12,-0.71
461,5632.63,1070357.80,-87173831.79,2697146329368.06,-0.12,-0.71
462,5630.66,1072135.11,-87457319.51,2707791594528.87,-0.12,-0.71
463,5628.68,1073924.98,-87786864.72,2718479095234.74,-0.12,-0.71
464,5626.71,1075727.69,-88162205.68,2729209151130.22,-0.12,-0.71
465,5624.74,1077543.53,-88583049.22,2739982079019.59,-0.12,-0.71
466,5622.76,1079372.80,-89049071.43,2750798192815.34,-0.12,-0.71
467,5620.78,1081215.76,-89559918.24,2761657803487.50,-0.12,-0.71
468,5618.81,1083072.69,-90115206.07,2772561219013.34,-0.12,-0.71
469,5616.83,1084943.86,-90714522.46,2783508744327.77,-0.12,-0.71
470,5614.85,1086829.52,-91357426.67,2794500681274.30,-0.12,-0.71
471,5612.87,1088729.93,-92043450.30,2805537328556.57,-0.12,-0.71
472,5610.89,1090645.33,-92772097.90,2816618981690.62,-0.12,-0.71
473,5608.91,1092575.96,-93542847.57,2827745932957.29,-0.12,-0.71
474,5606.93,1094522.05,-94355151.56,2838918471355.87,-0.12,-0.71
475,5604.94,1096483.83,-95208436.84,2850136882557.80,-0.12,-0.71
476,5602.96,1098461.52,-96102105.71,2861401448861.08,-0.12,-0.71
477,5600.97,1100455.33,-97035536.38,2872712449145.39,-0.12,-0.71
478,5598.99,1102465.48,-98008083.54,2884070158827.65,-0.12,-0.71
479,5597.00,1104492.15,-99019078.93,2895474849818.28,-0.12,-0.72
480,5595.00,1106535.56,-100067831.90,2906926790477.72,-0.12,-0.72
481,5593.01,1108595.87,-101153629.98,2918426245574.06,-0.12,-0.72
482,5591.02,1110673.29,-102275739.44,2929973476240.60,-0.12,-0.72
483,5589.02,1112767.98,-103433405.82,2941568739934.67,-0.12,-0.72
484,5587.02,1114880.12,-104625854.53,2953212290396.12,-0.12,-0.72
485,5585.02,1117009.87,-105852291.29,2964904377607.31,-0.12,-0.72
486,5583.02,1119157.39,-107111902.79,2976645247753.20,-0.12,-0.72
487,5581.01,1121322.82,-108403857.11,2988435143181.88,-0.12,-0.72
488,5579.00,1123506.33,-109727304.33,3000274302365.87,-0.12,-0.72
489,5576.99,1125708.04,-111081377.00,3012162959863.91,-0.12,-0.72
490,5574.98,1127928.09,-112465190.67,3024101346283.45,-0.12,-0.72
491,5572.96,1130166.61,-113877844.42,3036089688243.25,-0.12,-0.72
492,5570.94,1132423.72,-115318421.34,3048128208337.19,-0.12,-0.72
493,5568.92,1134699.55,-116785989.04,3060217125098.02,-0.12,-0.72
494,5566.89,1136994.19,-118279600.16,3072356652962.07,-0.12,-0.72
495,5564.87,1139307.76,-119798292.86,3084547002234.10,-0.12,-0.72
496,5562.83,1141640.36,-121341091.28,3096788379053.21,-0.12,-0.72
497,5560.80,1143992.07,-122907006.06,3109080985358.91,-0.12,-0.72
498,5558.76,1146362.99,-124495034.79,3121425018857.78,-0.12,-0.72
499,5556.71,1148753.20,-126104162.51,3133820672990.70,-0.12,-0.72
500,5554.67,1151162.77,-127733362.16,3146268136900.84,-0.12,-0.72
501,5552.61,1153591.79,-129381595.03,3158767595401.68,-0.12,-0.72
502,5550.56,1156040.30,-131047811.26,3171319228946.19,-0.12,-0.72
503,5548.50,1158508.38,-132730950.26,3183923213595.81,-0.12,-0.72
504,5546.43,1160996.07,-134429941.18,3196579720990.86,-0.12,-0.72
505,5544.36,1163503.43,-136143703.34,3209288918320.47,-0.12,-0.72
506,5542.29,1166030.51,-137871146.69,3222050968294.00,-0.12,-0.72
507,5540.21,1168577.33,-139611172.21,3234866029112.11,-0.12,-0.72
508,5538.12,1171143.93,-141362672.41,3247734254439.25,-0.12,-0.72
509,5536.03,1173730.34,-143124531.67,3260655793375.57,-0.12,-0.72
510,5533.94,1176336.58,-144895626.73,3273630790430.56,-0.12,-0.72
511,5531.84,1178962.67,-146674827.07,3286659385496.33,-0.12,-0.72
512,5529.73,1181608.63,-148460995.37,3299741713821.57,-0.12,-0.72
513,5527.62,1184274.45,-150252987.86,3312877905986.57,-0.12,-0.72
514,5525.50,1186960.13,-152049654.75,3326068087877.82,-0.12,-0.72
515,5523.38,1189665.69,-153849840.65,3339312380663.95,-0.12,-0.73
516,5521.25,1192391.10,-155652384.94,3352610900771.71,-0.12,-0.73
517,5519.11,1195136.35,-157456122.17,3365963759862.75,-0.12,-0.73
518,5516.97,1197901.42,-159259882.46,3379371064810.52,-0.12,-0.73
519,5514.82,1200686.30,-161062491.85,3392832917678.12,-0.12,-0.73
520,5512.66,1203490.94,-162862772.71,3406349415696.33,-0.12,-0.73
521,5510.50,1206315.33,-164659544.11,3419920651242.25,-0.12,-0.73
522,5508.33,1209159.41,-166451622.16,3433546711818.49,-0.12,-0.73
523,5506.15,1212023.15,-168237820.43,3447227680032.64,-0.12,-0.73
524,5503.97,1214906.50,-170016950.26,3460963633577.78,-0.12,-0.73
525,5501.78,1217809.40,-171787821.13,3474754645212.39,-0.12,-0.73
526,5499.58,1220731.80,-173549241.03,3488600782742.39,-0.12,-0.73
527,5497.37,1223673.63,-175300016.80,3502502109001.77,-0.12,-0.73
528,5495.16,1226634.83,-177038954.46,3516458681835.54,-0.12,-0.73
529,5492.93,1229615.33,-178764859.57,3530470554081.57,-0.12,-0.73
530,5490.70,1232615.04,-180476537.57,3544537773554.24,-0.12,-0.73
531,5488.46,1235633.90,-182172794.07,3558660383027.51,-0.12,-0.73
532,5486.22,1238671.81,-183852435.22,3572838420219.25,-0.12,-0.73
533,5483.96,1241728.68,-185514268.04,3587071917775.39,-0.12,-0.73
534,5481.70,1244804.42,-187157100.69,3601360903255.48,-0.12,-0.73
535,5479.42,1247898.93,-188779742.83,3615705399117.38,-0.12,-0.73
536,5477.14,1251012.11,-190381005.91,3630105422703.84,-0.12,-0.73
537,5474.85,1254143.85,-191959703.49,3644560986228.34,-0.12,-0.73
538,5472.55,1257294.04,-193514651.53,3659072096762.55,-0.12,-0.73
539,5470.23,1260462.57,-195044668.70,3673638756222.93,-0.12,-0.74
540,5467.91,1263649.30,-196548576.67,3688260961359.28,-0.12,-0.74
541,5465.58,1266854.13,-198025200.39,3702938703742.44,-0.12,-0.74
542,5463.25,1270076.91,-199473368.41,3717671969753.06,-0.12,-0.74
543,5460.90,1273317.52,-200891913.12,3732460740571.33,-0.12,-0.74
544,5458.54,1276575.83,-202279671.06,3747304992165.83,-0.12,-0.74
545,5456.17,1279851.68,-203635483.20,3762204695284.22,-0.12,-0.74
546,5453.79,1283144.94,-204958195.16,3777159815443.54,-0.12,-0.74
547,5451.40,1286455.45,-206246657.56,3792170312921.22,-0.12,-0.74
548,5448.99,1289783.07,-207499726.20,3807236142746.73,-0.12,-0.74
549,5446.58,1293127.64,-208716262.38,3822357254693.21,-0.12,-0.74
550,5444.16,1296489.00,-209895133.14,3837533593269.94,-0.12,-0.74
551,5441.73,1299866.98,-211035211.48,3852765097715.48,-0.12,-0.74
552,5439.28,1303261.42,-212135376.67,3868051701990.28,-0.12,-0.74
553,5436.82,1306672.14,-213194514.41,3883393334770.90,-0.12,-0.75
554,5434.36,1310098.97,-214211517.18,3898789919443.95,-0.12,-0.75
555,5431.88,1313541.73,-215185284.37,3914241374100.82,-0.12,-0.75
556,5429.39,1317000.24,-216114722.58,3929747611532.34,-0.12,-0.75
557,5426.88,1320474.31,-216998745.83,3945308539224.63,-0.11,-0.75
558,5424.37,1323963.76,-217836275.79,3960924059354.85,-0.11,-0.75
559,5421.84,1327468.39,-218626241.98,3976594068787.49,-0.11,-0.75
560,5419.30,1330987.99,-219367582.02,3992318459071.05,-0.11,-0.75
561,5416.75,1334522.39,-220059241.83,4008097116435.64,-0.11,-0.75
562,5414.19,1338071.36,-220700175.85,4023929921789.96,-0.11,-0.75
563,5411.61,1341634.71,-221289347.24,4039816750719.71,-0.11,-0.76
564,5409.03,1345212.22,-221825728.06,4055757473486.16,-0.11,-0.76
565,5406.43,1348803.68,-222308299.53,4071751955024.88,-0.11,-0.76
566,5403.81,1352408.88,-222736052.18,4087800054945.02,-0.11,-0.76
567,5401.19,1356027.59,-223107986.04,4103901627528.91,-0.11,-0.76
568,5398.55,1359659.60,-223423110.87,4120056521732.77,-0.11,-0.76
569,5395.89,1363304.67,-223680446.31,4136264581186.59,-0.11,-0.76
570,5393.23,1366962.59,-223879022.07,4152525644195.54,-0.11,-0.76
571,5390.55,1370633.11,-224017878.14,4168839543741.09,-0.11,-0.76
572,5387.85,1374316.00,-224096064.91,4185206107483.27,-0.11,-0.77
573,5385.15,1378011.03,-224112643.39,4201625157762.24,-0.11,-0.77
574,5382.43,1381717.95,-224066685.36,4218096511601.38,-0.11,-0.77
575,5379.69,1385436.52,-223957273.54,4234619980710.19,-0.10,-0.77
576,5376.95,1389166.50,-223783501.74,4251195371487.72,-0.10,-0.77
577,5374.18,1392907.64,-223544475.06,4267822485026.33,-0.10,-0.77
578,5371.41,1396659.67,-223239309.98,4284501117115.99,-0.10,-0.77
579,5368.62,1400422.36,-222867134.58,4301231058248.98,-0.10,-0.78
580,5365.81,1404195.45,-222427088.62,4318012093624.72,-0.10,-0.78
581,5363.00,1407978.67,-221918323.75,4334844003155.46,-0.10,-0.78
582,5360.16,1411771.76,-221340003.63,4351726561471.74,-0.10,-0.78
583,5357.31,1415574.45,-220691304.05,4368659537929.04,-0.10,-0.78
584,5354.45,1419386.49,-219971413.08,4385642696614.11,-0.10,-0.78
585,5351.58,1423207.60,-219179531.22,4402675796351.89,-0.10,-0.78
586,5348.68,1427037.51,-218314871.50,4419758590713.09,-0.10,-0.79
587,5345.78,1430875.94,-217376659.61,4436890828021.81,-0.09,-0.79
588,5342.85,1434722.62,-216364134.06,4454072251363.78,-0.09,-0.79
589,5339.92,1438577.28,-215276546.26,4471302598594.68,-0.09,-0.79
590,5336.97,1442439.62,-214113160.63,4488581602349.52,-0.09,-0.79
591,5334.00,1446309.36,-212873254.77,4505908990051.39,-0.09,-0.80
592,5331.02,1450186.23,-211556119.50,4523284483921.22,-0.09,-0.80
593,5328.02,1454069.93,-210161059.03,4540707800988.04,-0.09,-0.80
594,5325.01,1457960.17,-208687391.02,4558178653099.48,-0.09,-0.80
595,5321.98,1461856.66,-207134446.70,4575696746932.06,-0.09,-0.80
596,5318.93,1465759.12,-205501570.97,4593261784002.63,-0.09,-0.80
597,5315.87,1469667.23,-203788122.49,4610873460680.08,-0.08,-0.81
598,5312.80,1473580.71,-201993473.78,4628531468196.73,-0.08,-0.81
599,5309.71,1477499.25,-200117011.30,4646235492661.14,-0.08,-0.81
600,5306.60,1481422.56,-198158135.53,4663985215070.24,-0.08,-0.81
601,5303.48,1485350.34,-196116261.08,4681780311322.66,-0.08,-0.81
602,5300.34,1489282.26,-193990816.74,4699620452231.70,-0.08,-0.82
603,5297.18,1493218.04,-191781245.58,4717505303539.16,-0.08,-0.82
604,5294.01,1497157.37,-189487005.03,4735434525929.86,-0.08,-0.82
605,5290.82,1501099.93,-187107566.91,4753407775045.07,-0.07,-0.82
606,5287.62,1505045.40,-184642417.56,4771424701498.05,-0.07,-0.82
607,5284.40,1508993.49,-182091057.84,4789484950888.85,-0.07,-0.83
608,5281.16,1512943.88,-179453003.25,4807588163819.85,-0.07,-0.83
609,5277.91,1516896.24,-176727783.97,4825733975911.30,-0.07,-0.83
610,5274.64,1520850.27,-173914944.90,4843922017817.86,-0.07,-0.83
611,5271.36,1524805.64,-171014045.75,4862151915244.59,-0.07,-0.83
612,5268.06,1528762.04,-168024661.06,4880423288964.42,-0.07,-0.84
613,5264.74,1532719.14,-164946380.28,4898735754834.58,-0.06,-0.84
614,5261.40,1536676.62,-161778807.76,4917088923814.72,-0.06,-0.84
615,5258.05,1540634.16,-158521562.88,4935482401984.23,-0.06,-0.84
616,5254.68,1544591.44,-155174280.03,4953915790560.96,-0.06,-0.85
617,5251.30,1548548.12,-151736608.64,4972388685919.33,-0.06,-0.85
618,5247.90,1552503.88,-148208213.28,4990900679609.00,-0.06,-0.85
619,5244.48,1556458.40,-144588773.62,5009451358374.67,-0.05,-0.85
620,5241.05,1560411.33,-140877984.52,5028040304175.07,-0.05,-0.85
621,5237.60,1564362.37,-137075556.01,5046667094202.93,-0.05,-0.86
622,5234.13,1568311.17,-133181213.36,5065331300904.85,-0.05,-0.86
623,5230.64,1572257.39,-129194697.06,5084032492002.66,-0.05,-0.86
624,5227.14,1576200.72,-125115762.88,5102770230512.73,-0.05,-0.86
625,5223.62,1580140.82,-120944181.86,5121544074768.76,-0.04,-0.87
626,5220.09,1584077.34,-116679740.34,5140353578441.70,-0.04,-0.87
627,5216.54,1588009.97,-112322239.97,5159198290562.34,-0.04,-0.87
628,5212.97,1591938.35,-107871497.70,5178077755543.51,-0.04,-0.87
629,5209.38,1595862.17,-103327345.85,5196991513201.73,-0.04,-0.88
630,5205.78,1599781.07,-98689632.02,5215939098780.42,-0.04,-0.88
631,5202.16,1603694.72,-93958219.19,5234920042972.53,-0.03,-0.88
632,5198.53,1607602.79,-89132985.66,5253933871944.41,-0.03,-0.88
633,5194.87,1611504.93,-84213825.05,5272980107358.68,-0.03,-0.89
634,5191.20,1615400.81,-79200646.33,5292058266398.73,-0.03,-0.89
635,5187.51,1619290.09,-74093373.79,5311167861792.58,-0.03,-0.89
636,5183.81,1623172.43,-68891947.05,5330308401837.32,-0.02,-0.89
637,5180.09,1627047.48,-63596321.00,5349479390424.42,-0.02,-0.90
638,5176.35,1630914.92,-58206465.87,5368680327064.19,-0.02,-0.90
639,5172.60,1634774.40,-52722367.11,5387910706911.60,-0.02,-0.90
640,5168.83,1638625.57,-47144025.48,5407170020791.74,-0.02,-0.90
641,5165.04,1642468.10,-41471456.95,5426457755225.91,-0.01,-0.91
642,5161.23,1646301.65,-35704692.71,5445773392457.93,-0.01,-0.91
643,5157.41,1650125.87,-29843779.15,5465116410480.52,-0.01,-0.91
644,5153.57,1653940.43,-23888777.82,5484486283062.46,-0.01,-0.91
645,5149.72,1657744.99,-17839765.39,5503882479775.27,-0.00,-0.92
646,5145.85,1661539.20,-11696833.67,5523304466020.93,-0.00,-0.92
647,5141.96,1665322.72,-5460089.51,5542751703059.52,-0.00,-0.92
648,5138.05,1669095.21,870345.20,5562223648037.10,0.00,-0.92
649,5134.13,1672856.34,7294333.56,5581719754014.28,0.00,-0.93
650,5130.19,1676605.76,13811723.71,5601239469994.04,0.01,-0.93
651,5126.23,1680343.13,20422348.89,5620782240951.41,0.01,-0.93
652,5122.26,1684068.11,27126027.45,5640347507861.81,0.01,-0.93
653,5118.27,1687780.37,33922562.92,5659934707730.85,0.01,-0.94
654,5114.27,1691479.56,40811744.05,5679543273623.69,0.02,-0.94
655,5110.24,1695165.34,47793344.85,5699172634695.03,0.02,-0.94
656,5106.21,1698837.38,54867124.68,5718822216219.17,0.02,-0.94
657,5102.15,1702495.34,62032828.25,5738491439620.52,0.02,-0.95
658,5098.08,1706138.88,69290185.70,5758179722504.12,0.03,-0.95
659,5093.99,1709767.66,76638912.68,5777886478686.92,0.03,-0.95
660,5089.89,1713381.36,84078710.37,5797611118228.34,0.03,-0.95
661,5085.77,1716979.62,91609265.57,5817353047462.48,0.03,-0.96
662,5081.63,1720562.13,99230250.75,5837111669029.05,0.04,-0.96
663,5077.48,1724128.54,106941324.13,5856886381905.69,0.04,-0.96
664,5073.31,1727678.51,114742129.72,5876676581440.75,0.04,-0.97
665,5069.13,1731211.73,122632297.42,5896481659384.50,0.04,-0.97
666,5064.93,1734727.85,130611443.06,5916301003922.72,0.05,-0.97
667,5060.71,1738226.55,138679168.50,5936133999709.48,0.05,-0.97
668,5056.48,1741707.49,146835061.70,5955980027900.44,0.05,-0.97
669,5052.23,1745170.34,155078696.78,5975838466185.65,0.06,-0.98
670,5047.97,1748614.78,163409634.11,5995708688824.28,0.06,-0.98
671,5043.69,1752040.48,171827420.38,6015590066677.60,0.06,-0.98
672,5039.39,1755447.11,180331588.69,6035481967243.40,0.06,-0.98
673,5035.08,1758834.35,188921658.66,6055383754690.97,0.07,-0.99
674,5030.76,1762201.87,197597136.43,6075294789894.59,0.07,-0.99
675,5026.41,1765549.36,206357514.87,6095214430469.62,0.07,-0.99
676,5022.06,1768876.48,215202273.54,6115142030806.53,0.08,-0.99
677,5017.69,1772182.91,224130878.88,6135076942106.84,0.08,-1.00
678,5013.30,1775468.35,233142784.24,6155018512418.60,0.08,-1.00
679,5008.90,1778732.46,242237430.02,6174966086672.00,0.09,-1.00
680,5004.48,1781974.94,251414243.71,6194919006715.53,0.09,-1.00
681,5000.05,1785195.46,260672640.03,6214876611351.89,0.09,-1.01
682,4995.60,1788393.72,270012021.02,6234838236374.55,0.09,-1.01
683,4991.14,1791569.40,279431776.12,6254803214605.13,0.10,-1.01
684,4986.66,1794722.18,288931282.28,6274770875928.62,0.10,-1.01
685,4982.17,1797851.77,298509904.08,6294740547332.42,0.10,-1.01
686,4977.66,1800957.84,308166993.81,6314711552942.13,0.11,-1.02
687,4973.14,1804040.10,317901891.58,6334683214059.84,0.11,-1.02
688,4968.61,1807098.24,327713925.43,6354654849201.75,0.11,-1.02
689,4964.06,1810131.95,337602411.45,6374625774135.64,0.12,-1.02
690,4959.50,1813140.94,347566653.86,6394595301919.71,0.12,-1.02
691,4954.92,1816124.89,357605945.16,6414562742940.42,0.12,-1.03
692,4950.33,1819083.53,367719566.19,6434527404951.07,0.13,-1.03
693,4945.73,1822016.53,377906786.31,6454488593111.06,0.13,-1.03
694,4941.11,1824923.62,388166863.43,6474445610024.15,0.13,-1.03
695,4936.47,1827804.50,398499044.24,6494397755777.89,0.14,-1.03
696,4931.83,1830658.88,408902564.19,6514344327982.96,0.14,-1.03
697,4927.17,1833486.47,419376647.73,6534284621812.79,0.15,-1.04
698,4922.50,1836286.98,429920508.37,6554217930043.57,0.15,-1.04
699,4917.81,1839060.12,440533348.80,6574143543093.06,0.15,-1.04
700,4913.11,1841805.61,451214361.03,6594060749061.97,0.16,-1.04
701,4908.40,1844523.17,461962726.51,6613968833773.92,0.16,-1.04
702,4903.68,1847212.53,472777616.24,6633867080815.22,0.16,-1.04
703,4898.94,1849873.39,483658190.94,6653754771576.31,0.17,-1.05
704,4894.19,1852505.50,494603601.10,6673631185292.24,0.17,-1.05
705,4889.42,1855108.56,505612987.20,6693495599084.10,0.17,-1.05
706,4884.65,1857682.32,516685479.75,6713347287999.76,0.18,-1.05
707,4879.86,1860226.51,527820199.49,6733185525055.39,0.18,-1.05
708,4875.06,1862740.85,539016257.50,6753009581277.26,0.19,-1.05
709,4870.25,1865225.08,550272755.32,6772818725743.02,0.19,-1.05
710,4865.43,1867678.95,561588785.07,6792612225624.06,0.19,-1.05
711,4860.59,1870102.19,572963429.64,6812389346227.33,0.20,-1.06
712,4855.74,1872494.54,584395762.77,6832149351037.58,0.20,-1.06
713,4850.88,1874855.74,595884849.23,6851891501760.21,0.21,-1.06
714,4846.01,1877185.56,607429744.93,6871615058363.04,0.21,-1.06
715,4841.13,1879483.73,619029497.04,6891319279119.74,0.21,-1.06
716,4836.24,1881750.01,630683144.18,6911003420652.18,0.22,-1.06
717,4831.33,1883984.15,642389716.55,6930666737974.13,0.22,-1.06
718,4826.41,1886185.91,654148236.04,6950308484534.26,0.23,-1.06
719,4821.49,1888355.04,665957716.37,6969927912258.81,0.23,-1.06
720,4816.55,1890491.33,677817163.30,6989524271596.37,0.23,-1.06
721,4811.60,1892594.51,689725574.69,7009096811560.46,0.24,-1.06
722,4806.64,1894664.37,701681940.69,7028644779774.07,0.24,-1.06
723,4801.68,1896700.68,713685243.91,7048167422513.25,0.25,-1.06
724,4796.70,1898703.20,725734459.49,7067663984751.29,0.25,-1.06
725,4791.71,1900671.72,737828555.32,7087133710203.31,0.25,-1.06
726,4786.71,1902606.01,749966492.17,7106575841370.09,0.26,-1.06
727,4781.70,1904505.85,762147223.80,7125989619583.82,0.26,-1.06
728,4776.68,1906371.02,774369697.17,7145374285050.74,0.27,-1.06
729,4771.65,1908201.32,786632852.54,7164729076898.49,0.27,-1.06
730,4766.62,1909996.54,798935623.67,7184053233218.70,0.28,-1.06
731,4761.57,1911756.46,811276937.91,7203345991114.31,0.28,-1.06
732,4756.51,1913480.87,823655716.42,7222606586742.79,0.28,-1.06
733,4751.45,1915169.59,836070874.26,7241834255363.03,0.29,-1.06
734,4746.38,1916822.41,848521320.60,7261028231380.64,0.29,-1.06
735,4741.29,1918439.13,861005958.84,7280187748392.09,0.30,-1.06
736,4736.20,1920019.56,873523686.76,7299312039232.85,0.30,-1.06
737,4731.10,1921563.52,886073396.72,7318400336021.47,0.31,-1.06
738,4726.00,1923070.81,898653975.75,7337451870206.38,0.31,-1.06
739,4720.88,1924541.25,911264305.78,7356465872611.89,0.32,-1.06
740,4715.76,1925974.66,923903263.73,7375441573484.15,0.32,-1.06
741,4710.63,1927370.86,936569721.73,7394378202538.40,0.32,-1.06
742,4705.49,1928729.68,949262547.21,7413274989004.08,0.33,-1.06
743,4700.34,1930050.95,961980603.12,7432131161673.03,0.33,-1.06
744,4695.19,1931334.50,974722748.06,7450945948944.57,0.34,-1.05
745,4690.03,1932580.17,987487836.46,7469718578873.77,0.34,-1.05
746,4684.86,1933787.78,1000274718.69,7488448279217.68,0.35,-1.05
747,4679.68,1934957.19,1013082241.30,7507134277482.37,0.35,-1.05
748,4674.50,1936088.24,1025909247.10,7525775800970.26,0.36,-1.05
749,4669.32,1937180.78,1038754575.38,7544372076827.51,0.36,-1.05
750,4664.12,1938234.65,1051617062.05,7562922332090.86,0.37,-1.05
751,4658.92,1939249.72,1064495539.79,7581425793735.72,0.37,-1.04
752,4653.71,1940225.84,1077388838.24,7599881688723.35,0.38,-1.04
753,4648.50,1941162.87,1090295784.14,7618289244048.67,0.38,-1.04
754,4643.28,1942060.68,1103215201.50,7636647686787.92,0.39,-1.04
755,4638.06,1942919.14,1116145911.78,7654956244146.55,0.39,-1.04
756,4632.83,1943738.12,1129086734.03,7673214143507.57,0.40,-1.03
757,4627.59,1944517.48,1142036485.05,7691420612478.38,0.40,-1.03
758,4622.35,1945257.12,1154993979.58,7709574878940.51,0.41,-1.03
759,4617.10,1945956.91,1167958030.45,7727676171096.79,0.41,-1.03
760,4611.85,1946616.75,1180927448.75,7745723717519.60,0.42,-1.02
761,4606.60,1947236.51,1193901043.98,7763716747199.84,0.42,-1.02
762,4601.34,1947816.09,1206877624.23,7781654489595.11,0.43,-1.02
763,4596.08,1948355.38,1219855996.35,7799536174678.16,0.43,-1.02
764,4590.81,1948854.29,1232834966.08,7817361032985.41,0.44,-1.01
765,4585.53,1949312.73,1245813338.27,7835128295666.28,0.44,-1.01
766,4580.26,1949730.59,1258789917.01,7852837194530.85,0.45,-1.01
767,4574.98,1950107.78,1271763505.78,7870486962099.72,0.45,-1.00
768,4569.69,1950444.23,1284732907.65,7888076831652.89,0.46,-1.00
769,4564.41,1950739.84,1297696925.46,7905606037277.75,0.46,-1.00
770,4559.12,1950994.55,1310654361.90,7923073813919.39,0.47,-0.99
771,4553.82,1951208.27,1323604019.79,7940479397428.71,0.47,-0.99
772,4548.52,1951380.93,1336544702.15,7957822024612.20,0.48,-0.98
773,4543.22,1951512.47,1349475212.43,7975100933280.99,0.48,-0.98
774,4537.92,1951602.82,1362394354.64,7992315362300.56,0.49,-0.98
775,4532.62,1951651.93,1375300933.52,8009464551639.04,0.49,-0.97
776,4527.31,1951659.73,1388193754.72,8026547742417.62,0.50,-0.97
777,4522.00,1951626.17,1401071624.94,8043564176960.19,0.50,-0.96
778,4516.69,1951551.20,1413933352.13,8060513098841.79,0.51,-0.96
779,4511.38,1951434.79,1426777745.64,8077393752939.30,0.51,-0.95
780,4506.06,1951276.88,1439603616.34,8094205385480.36,0.52,-0.95
781,4500.74,1951077.44,1452409776.88,8110947244093.23,0.52,-0.95
782,4495.43,1950836.44,1465195041.75,8127618577857.02,0.53,-0.94
783,4490.11,1950553.84,1477958227.53,8144218637350.63,0.54,-0.93
784,4484.79,1950229.63,1490698153.00,8160746674703.44,0.54,-0.93
785,4479.46,1949863.77,1503413639.31,8177201943644.45,0.55,-0.92
786,4474.14,1949456.25,1516103510.20,8193583699552.28,0.55,-0.92
787,4468.82,1949007.05,1528766592.05,8209891199505.72,0.56,-0.91
788,4463.50,1948516.17,1541401714.17,8226123702333.63,0.56,-0.91
789,4458.17,1947983.59,1554007708.88,8242280468663.86,0.57,-0.90
790,4452.85,1947409.32,1566583411.68,8258360760974.38,0.57,-0.90
791,4447.53,1946793.35,1579127661.45,8274363843643.17,0.58,-0.89
792,4442.20,1946135.69,1591639300.58,8290288982998.16,0.58,-0.88
793,4436.88,1945436.35,1604117175.15,8306135447367.84,0.59,-0.88
794,4431.56,1944695.34,1616560135.07,8321902507130.15,0.60,-0.87
795,4426.24,1943912.67,1628967034.24,8337589434764.49,0.60,-0.86
796,4420.91,1943088.38,1641336730.74,8353195504900.55,0.61,-0.86
797,4415.59,1942222.47,1653668086.97,8368719994368.77,0.61,-0.85
798,4410.27,1941314.99,1665959969.80,8384162182251.30,0.62,-0.84
799,4404.96,1940365.95,1678211250.74,8399521349931.37,0.62,-0.84
800,4399.64,1939375.41,1690420806.09,8414796781144.35,0.63,-0.83
801,4394.33,1938343.39,1702587517.13,8429987762027.82,0.64,-0.82
802,4389.01,1937269.94,1714710270.21,8445093581171.26,0.64,-0.82
803,4383.70,1936155.12,1726787956.98,8460113529667.49,0.65,-0.81
804,4378.39,1934998.96,1738819474.49,8475046901162.04,0.65,-0.80
805,4373.09,1933801.53,1750803725.38,8489892991903.76,0.66,-0.79
806,4367.78,1932562.90,1762739618.02,8504651100795.52,0.66,-0.78
807,4362.48,1931283.11,1774626066.66,8519320529444.67,0.67,-0.78
808,4357.18,1929962.24,1786461991.61,8533900582211.93,0.68,-0.77
809,4351.88,1928600.36,1798246319.34,8548390566264.18,0.68,-0.76
810,4346.59,1927197.55,1809977982.70,8562789791623.16,0.69,-0.75
811,4341.30,1925753.88,1821655920.99,8577097571215.49,0.69,-0.74
812,4336.01,1924269.45,1833279080.21,8591313220924.08,0.70,-0.73
813,4330.73,1922744.33,1844846413.11,8605436059638.75,0.70,-0.73
814,4325.45,1921178.62,1856356879.41,8619465409304.56,0.71,-0.72
815,4320.17,1919572.41,1867809445.93,8633400594975.20,0.72,-0.71
816,4314.90,1917925.80,1879203086.70,8647240944859.69,0.72,-0.70
817,4309.63,1916238.91,1890536783.16,8660985790376.20,0.73,-0.69
818,4304.36,1914511.82,1901809524.30,8674634466199.83,0.73,-0.68
819,4299.10,1912744.67,1913020306.74,8688186310313.49,0.74,-0.67
820,4293.84,1910937.55,1924168134.98,8701640664059.40,0.75,-0.66
821,4288.59,1909090.59,1935252021.45,8714996872187.84,0.75,-0.65
822,4283.34,1907203.91,1946270986.70,8728254282907.34,0.76,-0.64
823,4278.10,1905277.65,1957224059.53,8741412247936.43,0.76,-0.63
824,4272.86,1903311.92,1968110277.14,8754470122551.33,0.77,-0.62
825,4267.63,1901306.87,1978928685.24,8767427265638.70,0.77,-0.61
826,4262.41,1899262.64,1989678338.23,8780283039744.25,0.78,-0.60
827,4257.18,1897179.36,2000358299.33,8793036811122.72,0.79,-0.59
828,4251.97,1895057.19,2010967640.66,8805687949788.58,0.79,-0.58
829,4246.76,1892896.27,2021505443.47,8818235829565.36,0.80,-0.56
830,4241.55,1890696.75,2031970798.20,8830679828137.05,0.80,-0.55
831,4236.35,1888458.81,2042362804.65,8843019327095.38,0.81,-0.54
832,4231.16,1886182.59,2052680572.09,8855253711992.29,0.82,-0.53
833,4225.97,1883868.27,2062923219.41,8867382372389.07,0.82,-0.52
834,4220.79,1881516.02,2073089875.25,8879404701905.03,0.83,-0.51
835,4215.62,1879126.00,2083179678.13,8891320098268.73,0.83,-0.50
836,4210.45,1876698.40,2093191776.55,8903127963366.74,0.84,-0.48
837,4205.29,1874233.40,2103125329.17,8914827703293.78,0.85,-0.47
838,4200.13,1871731.18,2112979504.88,8926418728402.50,0.85,-0.46
839,4194.99,1869191.93,2122753482.96,8937900453352.36,0.86,-0.45
840,4189.85,1866615.85,2132446453.21,8949272297159.91,0.86,-0.43
841,4184.71,1864003.13,2142057616.02,8960533683247.47,0.87,-0.42
842,4179.59,1861353.97,2151586182.57,8971684039492.99,0.88,-0.41
843,4174.47,1858668.58,2161031374.88,8982722798280.08,0.88,-0.40
844,4169.36,1855947.16,2170392425.97,8993649396545.38,0.89,-0.38
845,4164.26,1853189.93,2179668579.97,9004463275829.97,0.90,-0.37
846,4159.16,1850397.10,2188859092.20,9015163882326.73,0.90,-0.36
847,4154.07,1847568.89,2197963229.35,9025750666930.89,0.91,-0.34
848,4148.99,1844705.52,2206980269.55,9036223085288.22,0.91,-0.33
849,4143.92,1841807.22,2215909502.49,9046580597843.97,0.92,-0.31
850,4138.86,1838874.22,2224750229.51,9056822669892.00,0.93,-0.30
851,4133.80,1835906.75,2233501763.78,9066948771623.98,0.93,-0.29
852,4128.76,1832905.05,2242163430.30,9076958378176.77,0.94,-0.27
853,4123.72,1829869.37,2250734566.12,9086850969682.39,0.94,-0.26
854,4118.69,1826799.94,2259214520.35,9096626031317.05,0.95,-0.24
855,4113.67,1823697.01,2267602654.34,9106283053347.52,0.96,-0.23
856,4108.66,1820560.84,2275898341.72,9115821531181.78,0.96,-0.21
857,4103.65,1817391.68,2284100968.53,9125240965415.89,0.97,-0.20
858,4098.66,1814189.78,2292209933.33,9134540861883.73,0.98,-0.18
859,4093.67,1810955.42,2300224647.27,9143720731702.98,0.98,-0.17
860,4088.70,1807688.86,2308144534.22,9152780091325.53,0.99,-0.15
861,4083.73,1804390.36,2315969030.83,9161718462583.47,0.99,-0.14
862,4078.78,1801060.20,2323697586.64,9170535372738.86,1.00,-0.12
863,4073.83,1797698.66,2331329664.18,9179230354530.26,1.01,-0.10
864,4068.89,1794306.01,2338864739.03,9187802946220.64,1.01,-0.09
865,4063.96,1790882.53,2346302299.94,9196252691645.79,1.02,-0.07
866,4059.05,1787428.52,2353641848.91,9204579140260.45,1.02,-0.06
867,4054.14,1783944.26,2360882901.26,9212781847186.93,1.03,-0.04
868,4049.24,1780430.04,2368024985.72,9220860373261.82,1.04,-0.02
869,4044.35,1776886.16,2375067644.53,9228814285083.44,1.04,-0.01
870,4039.48,1773312.92,2382010433.48,9236643155059.94,1.05,0.01
871,4034.61,1769710.62,2388852922.02,9244346561453.27,1.06,0.03
872,4029.75,1766079.57,2395594693.35,9251924088430.04,1.06,0.05
873,4024.91,1762420.07,2402235344.43,9259375326105.19,1.07,0.06
874,4020.07,1758732.44,2408774486.13,9266699870590.19,1.07,0.08
875,4015.24,1755016.99,2415211743.26,9273897324039.01,1.08,0.10
876,4010.43,1751274.04,2421546754.63,9280967294695.69,1.09,0.12
877,4005.62,1747503.91,2427779173.14,9287909396938.24,1.09,0.13
878,4000.83,1743706.92,2433908665.85,9294723251328.32,1.10,0.15
879,3996.05,1739883.40,2439934914.01,9301408484652.96,1.11,0.17
880,3991.28,1736033.69,2445857613.16,9307964729975.65,1.11,0.19
881,3986.52,1732158.11,2451676473.16,9314391626677.42,1.12,0.21
882,3981.77,1728256.99,2457391218.28,9320688820505.20,1.12,0.23
883,3977.03,1724330.69,2463001587.21,9326855963617.98,1.13,0.24
884,3972.30,1720379.53,2468507333.17,9332892714629.43,1.14,0.26
885,3967.59,1716403.87,2473908223.89,9338798738656.02,1.14,0.28
886,3962.88,1712404.04,2479204041.76,9344573707359.91,1.15,0.30
887,3958.19,1708380.41,2484394583.76,9350217298997.36,1.15,0.32
888,3953.51,1704333.31,2489479661.61,9355729198459.04,1.16,0.34
889,3948.84,1700263.12,2494459101.76,9361109097319.45,1.17,0.36
890,3944.18,1696170.17,2499332745.43,9366356693878.04,1.17,0.38
891,3939.53,1692054.84,2504100448.66,9371471693205.19,1.18,0.40
892,3934.90,1687917.49,2508762082.38,9376453807186.69,1.19,0.42
893,3930.28,1683758.48,2513317532.37,9381302754568.28,1.19,0.44
894,3925.66,1679578.18,2517766699.37,9386018260998.03,1.20,0.46
895,3921.06,1675376.96,2522109499.07,9390600059072.55,1.20,0.48
896,3916.48,1671155.18,2526345862.15,9395047888378.52,1.21,0.50
897,3911.90,1666913.24,2530475734.30,9399361495538.41,1.22,0.52
898,3907.34,1662651.50,2534499076.26,9403540634252.31,1.22,0.54
899,3902.79,1658370.34,2538415863.82,9407585065341.67,1.23,0.56
900,3898.25,1654070.14,2542226087.87,9411494556793.36,1.24,0.59
901,3893.72,1649751.29,2545929754.38,9415268883801.35,1.24,0.61
902,3889.20,1645414.18,2549526884.45,9418907828810.44,1.25,0.63
903,3884.70,1641059.19,2553017514.31,9422411181558.51,1.25,0.65
904,3880.21,1636686.71,2556401695.33,9425778739119.13,1.26,0.67
905,3875.73,1632297.13,2559679494.02,9429010305943.53,1.27,0.69
906,3871.26,1627890.85,2562850992.06,9432105693904.42,1.27,0.71
907,3866.81,1623468.26,2565916286.28,9435064722335.54,1.28,0.74
908,3862.37,1619029.77,2568875488.69,9437887218074.56,1.29,0.76
909,3857.94,1614575.76,2571728726.44,9440573015506.25,1.29,0.78
910,3853.52,1610106.65,2574476141.84,9443121956600.59,1.30,0.80
911,3849.11,1605622.83,2577117892.37,9445533890957.71,1.30,0.83
912,3844.72,1601124.71,2579654150.64,9447808675846.95,1.31,0.85
913,3840.34,1596612.70,2582085104.41,9449946176248.14,1.32,0.87
914,3835.97,1592087.20,2584410956.53,9451946264892.69,1.32,0.89
915,3831.62,1587548.63,2586631925.01,9453808822303.21,1.33,0.92
916,3827.27,1582997.39,2588748242.89,9455533736835.53,1.33,0.94
917,3822.94,1578433.89,2590760158.32,9457120904717.41,1.34,0.96
918,3818.63,1573858.56,2592667934.47,9458570230090.69,1.35,0.99
919,3814.32,1569271.80,2594471849.55,9459881625046.90,1.35,1.01
920,3810.03,1564674.04,2596172196.74,9461055009672.23,1.36,1.03
921,3805.75,1560065.69,2597769284.21,9462090312083.67,1.37,1.06
922,3801.48,1555447.16,2599263435.02,9462987468468.29,1.37,1.08
923,3797.22,1550818.88,2600654987.16,9463746423123.69,1.38,1.11
924,3792.98,1546181.28,2601944293.44,9464367128496.09,1.38,1.13
925,3788.75,1541534.76,2603131721.50,9464849545219.31,1.39,1.15
926,3784.53,1536879.76,2604217653.75,9465193642152.61,1.40,1.18
927,3780.33,1532216.70,2605202487.31,9465399396419.00,1.40,1.20
928,3776.13,1527546.00,2606086633.99,9465466793445.34,1.41,1.23
929,3771.95,1522868.09,2606870520.18,9465395826996.51,1.41,1.25
930,3767.78,1518183.39,2607554586.88,9465186499216.13,1.42,1.28
931,3763.63,1513492.34,2608139289.57,9464838820661.66,1.43,1.30
932,3759.49,1508795.35,2608625098.20,9464352810345.05,1.43,1.33
933,3755.36,1504092.86,2609012497.07,9463728495765.47,1.44,1.35
934,3751.24,1499385.30,2609301984.83,9462965912949.26,1.44,1.38
935,3747.13,1494673.09,2609494074.35,9462065106484.80,1.45,1.40
936,3743.04,1489956.66,2609589292.71,9461026129559.54,1.46,1.43
937,3738.96,1485236.45,2609588181.05,9459849043996.19,1.46,1.45
938,3734.89,1480512.87,2609491294.58,9458533920287.94,1.47,1.48
939,3730.83,1475786.37,2609299202.40,9457080837635.69,1.47,1.51
940,3726.79,1471057.38,2609012487.54,9455489883981.18,1.48,1.53
941,3722.76,1466326.31,2608631746.74,9453761156044.04,1.49,1.56
942,3718.74,1461593.61,2608157590.45,9451894759355.87,1.49,1.58
943,3714.73,1456859.70,2607590642.72,9449890808296.79,1.50,1.61
944,3710.73,1452125.01,2606931541.10,9447749426125.66,1.50,1.64
945,3706.75,1447389.97,2606180936.52,9445470745020.66,1.51,1.66
946,3702.78,1442655.01,2605339493.22,9443054906106.97,1.52,1.69
947,3698.82,1437920.56,2604407888.62,9440502059494.82,1.52,1.72
948,3694.88,1433187.05,2603386813.26,9437812364312.37,1.53,1.74
949,3690.94,1428454.90,2602276970.61,9434985988737.09,1.53,1.77
950,3687.02,1423724.54,2601079077.04,9432023110030.02,1.54,1.80
951,3683.11,1418996.41,2599793861.64,9428923914571.34,1.55,1.82
952,3679.21,1414270.91,2598422066.14,9425688597886.96,1.55,1.85
953,3675.32,1409548.49,2596964444.77,9422317364687.24,1.56,1.88
954,3671.45,1404829.56,2595421764.12,9418810428893.96,1.56,1.91
955,3667.59,1400114.55,2593794803.05,9415168013675.68,1.57,1.93
956,3663.73,1395403.88,2592084352.52,9411390351477.56,1.58,1.96
957,3659.89,1390697.96,2590291215.47,9407477684053.47,1.58,1.99
958,3656.07,1385997.23,2588416206.69,9403430262496.55,1.59,2.02
959,3652.25,1381302.10,2586460152.64,9399248347269.92,1.59,2.04
960,3648.44,1376612.98,2584423891.36,9394932208237.86,1.60,2.07
961,3644.65,1371930.29,2582308272.28,9390482124696.09,1.60,2.10
962,3640.87,1367254.45,2580114156.08,9385898385400.77,1.61,2.13
963,3637.10,1362585.87,2577842414.54,9381181288599.33,1.62,2.16
964,3633.34,1357924.96,2575493930.36,9376331142059.86,1.62,2.18
965,3629.59,1353272.12,2573069597.03,9371348263100.28,1.63,2.21
966,3625.85,1348627.78,2570570318.65,9366232978616.18,1.63,2.24
967,3622.13,1343992.33,2567997009.73,9360985625110.81,1.64,2.27
968,3618.41,1339366.17,2565350595.08,9355606548724.61,1.65,2.30
969,3614.71,1334749.71,2562632009.60,9350096105259.16,1.65,2.33
970,3611.02,1330143.35,2559842198.06,9344454660209.37,1.66,2.36
971,3607.33,1325547.49,2556982115.01,9338682588789.38,1.66,2.38
972,3603.66,1320962.51,2554052724.51,9332780275959.71,1.67,2.41
973,3600.00,1316388.82,2551054999.99,9326748116453.71,1.67,2.44
974,3596.35,1311826.80,2547989924.02,9320586514806.23,1.68,2.47
975,3592.71,1307276.84,2544858488.15,9314295885378.32,1.69,2.50
976,3589.09,1302739.32,2541661692.69,9307876652382.71,1.69,2.53
977,3585.47,1298214.63,2538400546.48,9301329249912.73,1.70,2.56
978,3581.86,1293703.15,2535076066.76,9294654121964.34,1.70,2.59
979,3578.26,1289205.25,2531689278.88,9287851722464.42,1.71,2.62
980,3574.68,1284721.31,2528241216.10,9280922515293.32,1.71,2.65
981,3571.10,1280251.69,2524732919.42,9273866974310.85,1.72,2.68
982,3567.53,1275796.76,2521165437.30,9266685583380.04,1.73,2.71
983,3563.98,1271356.89,2517539825.47,9259378836393.18,1.73,2.74
984,3560.43,1266932.44,2513857146.68,9251947237291.05,1.74,2.77
985,3556.89,1262523.76,2510118470.49,9244391300092.05,1.74,2.80
986,3553.36,1258131.21,2506324873.01,9236711548910.05,1.75,2.83
987,3549.85,1253755.13,2502477436.66,9228908517983.74,1.75,2.86
988,3546.34,1249395.87,2498577249.96,9220982751689.51,1.76,2.89
989,3542.84,1245053.78,2494625407.21,9212934804575.10,1.77,2.92
990,3539.35,1240729.19,2490623008.34,9204765241372.01,1.77,2.95
991,3535.87,1236422.43,2486571158.58,9196474637022.82,1.78,2.98
992,3532.40,1232133.84,2482470968.18,9188063576699.98,1.78,3.01
993,3528.94,1227863.73,2478323552.22,9179532655826.08,1.79,3.04
994,3525.49,1223612.44,2474130030.33,9170882480098.61,1.79,3.07
995,3522.05,1219380.27,2469891526.36,9162113665505.42,1.80,3.10
996,3518.61,1215167.54,2465609168.13,9153226838347.33,1.80,3.13
997,3515.19,1210974.56,2461284087.22,9144222635257.25,1.81,3.16
998,3511.77,1206801.62,2456917418.57,9135101703219.47,1.82,3.19
999,3508.37,1202649.03,2452510300.30,9125864699588.57,1.82,3.22
1000,3504.97,1198517.08,2448063873.34,9116512292108.28,1.83,3.25
1001,3501.58,1194406.05,2443579281.18,9107045158932.03,1.83,3.28
1002,3498.20,1190316.23,2439057669.56,9097463988634.68,1.84,3.31
1003,3494.82,1186247.89,2434500186.16,9087769480237.41,1.84,3.35
1004,3491.46,1182201.31,2429907980.31,9077962343222.46,1.85,3.38
1005,3488.10,1178176.75,2425282202.66,9068043297546.59,1.85,3.41
1006,3484.75,1174174.46,2420624004.86,9058013073664.54,1.86,3.44
1007,3481.41,1170194.72,2415934539.28,9047872412538.11,1.86,3.47
1008,3478.08,1166237.76,2411214958.65,9037622065659.64,1.87,3.50
1009,3474.76,1162303.82,2406466415.74,9027262795059.82,1.88,3.53
1010,3471.44,1158393.15,2401690063.03,9016795373329.72,1.88,3.57
1011,3468.13,1154505.97,2396887052.38,9006220583632.18,1.89,3.60
1012,3464.83,1150642.51,2392058534.71,8995539219716.25,1.89,3.63
1013,3461.53,1146802.98,2387205659.57,8984752085934.29,1.90,3.66
1014,3458.25,1142987.59,2382329574.92,8973859997251.83,1.90,3.69
1015,3454.97,1139196.56,2377431426.68,8962863779264.02,1.91,3.72
1016,3451.69,1135430.07,2372512358.40,8951764268208.76,1.91,3.75
1017,3448.43,1131688.32,2367573510.95,8940562310977.26,1.92,3.79
1018,3445.17,1127971.49,2362616022.03,8929258765129.20,1.92,3.82
1019,3441.92,1124279.75,2357641025.95,8917854498903.54,1.93,3.85
1020,3438.68,1120613.28,2352649653.16,8906350391229.01,1.93,3.88
1021,3435.44,1116972.24,2347643029.89,8894747331737.88,1.94,3.91
1022,3432.21,1113356.78,2342622277.78,8883046220776.35,1.95,3.95
1023,3428.98,1109767.05,2337588513.49,8871247969413.60,1.95,3.98
1024,3425.77,1106203.18,2332542848.31,8859353499452.20,1.96,4.01
1025,3422.56,1102665.32,2327486387.76,8847363743441.01,1.96,4.04
1026,3419.35,1099153.57,2322420231.19,8835279644681.29,1.97,4.08
1027,3416.15,1095668.06,2317345471.37,8823102157237.62,1.97,4.11
1028,3412.96,1092208.89,2312263194.09,8810832245944.48,1.98,4.14
1029,3409.77,1088776.16,2307174477.76,8798470886420.44,1.98,4.17
1030,3406.59,1085369.95,2302080392.95,8786019065065.89,1.99,4.21
1031,3403.42,1081990.36,2296982002.02,8773477779081.16,1.99,4.24
1032,3400.25,1078637.45,2291880358.65,8760848036468.24,2.00,4.27
1033,3397.09,1075311.28,2286776507.41,8748130856037.27,2.00,4.30
1034,3393.93,1072011.92,2281671483.39,8735327267415.63,2.01,4.34
1035,3390.78,1068739.39,2276566311.65,8722438311052.50,2.01,4.37
1036,3387.64,1065493.75,2271462006.87,8709465038224.62,2.02,4.40
1037,3384.50,1062275.01,2266359572.86,8696408511041.04,2.02,4.43
1038,3381.36,1059083.20,2261260002.08,8683269802449.14,2.03,4.47
1039,3378.24,1055918.31,2256164275.25,8670049996238.46,2.03,4.50
1040,3375.11,1052780.35,2251073360.82,8656750187044.53,2.04,4.53
1041,3371.99,1049669.31,2245988214.54,8643371480352.52,2.05,4.57
1042,3368.88,1046585.15,2240909778.96,8629914992502.07,2.05,4.60
1043,3365.77,1043527.86,2235838982.98,8616381850686.75,2.06,4.63
1044,3362.67,1040497.37,2230776741.36,8602773192960.67,2.06,4.67
1045,3359.57,1037493.65,2225723954.20,8589090168237.87,2.07,4.70
1046,3356.48,1034516.62,2220681506.50,8575333936292.86,2.07,4.73
1047,3353.39,1031566.20,2215650267.62,8561505667766.20,2.08,4.77
1048,3350.31,1028642.32,2210631090.80,8547606544160.68,2.08,4.80
1049,3347.23,1025744.88,2205624812.67,8533637757844.66,2.09,4.83
1050,3344.16,1022873.75,2200632252.68,8519600512050.35,2.09,4.87
1051,3341.09,1020028.84,2195654212.66,8505496020874.64,2.10,4.90
1052,3338.02,1017209.99,2190691476.23,8491325509277.19,2.10,4.93
1053,3334.96,1014417.07,2185744808.32,8477090213078.67,2.11,4.97
1054,3331.91,1011649.93,2180814954.61,8462791378963.54,2.11,5.00
1055,3328.85,1008908.39,2175902641.04,8448430264469.26,2.12,5.03
1056,3325.81,1006192.28,2171008573.20,8434008137992.50,2.12,5.07
1057,3322.77,1003501.40,2166133435.85,8419526278780.94,2.13,5.10
1058,3319.73,1000835.55,2161277892.32,8404985976931.08,2.13,5.14
1059,3316.69,998194.51,2156442583.97,8390388533386.51,2.14,5.17
1060,3313.66,995578.05,2151628129.67,8375735259929.72,2.14,5.20
1061,3310.64,992985.93,2146835125.16,8361027479180.34,2.15,5.24
1062,3307.62,990417.90,2142064142.55,8346266524588.13,2.15,5.27
1063,3304.60,987873.68,2137315729.68,8331453740429.62,2.16,5.31
1064,3301.59,985352.99,2132590409.60,8316590481800.40,2.16,5.34
1065,3298.58,982855.55,2127888679.93,8301678114608.31,2.17,5.38
1066,3295.57,980381.02,2123211012.32,8286718015567.34,2.17,5.41
1067,3292.57,977929.10,2118557851.81,8271711572190.30,2.18,5.45
1068,3289.58,975499.45,2113929616.26,8256660182780.58,2.18,5.48
1069,3286.59,973091.71,2109326695.71,8241565256424.60,2.19,5.52
1070,3283.60,970705.52,2104749451.81,8226428212981.78,2.19,5.55
1071,3280.61,968340.50,2100198217.17,8211250483075.63,2.20,5.59
1072,3277.63,965996.25,2095673294.75,8196033508085.12,2.20,5.62
1073,3274.66,963672.37,2091174957.23,8180778740136.92,2.21,5.66
1074,3271.68,961368.42,2086703446.39,8165487642086.30,2.21,5.69
1075,3268.72,959083.97,2082258972.47,8150161687515.21,2.22,5.73
1076,3265.75,956818.57,2077841713.47,8134802360718.27,2.22,5.76
1077,3262.79,954571.74,2073451814.62,8119411156686.98,2.23,5.80
1078,3259.84,952342.99,2069089387.59,8103989581104.47,2.23,5.83
1079,3256.89,950131.83,2064754509.94,8088539150323.09,2.24,5.87
1080,3253.94,947937.74,2060447224.40,8073061391359.98,2.24,5.90
1081,3250.99,945760.17,2056167538.21,8057557841879.21,2.25,5.94
1082,3248.06,943598.59,2051915422.44,8042030050178.24,2.25,5.98
1083,3245.12,941452.42,2047690811.35,8026479575170.04,2.26,6.01
1084,3242.19,939321.08,2043493601.64,8010907986376.62,2.26,6.05
1085,3239.26,937203.97,2039323651.79,7995316863901.66,2.27,6.08
1086,3236.34,935100.48,2035180781.36,7979707798422.18,2.27,6.12
1087,3233.43,933009.95,2031064770.31,7964082391168.30,2.28,6.16
1088,3230.51,930931.76,2026975358.26,7948442253912.80,2.28,6.19
1089,3227.61,928865.21,2022912243.80,7932789008942.79,2.29,6.23
1090,3224.70,926809.64,2018875083.73,7917124289047.32,2.29,6.27
1091,3221.80,924764.32,2014863492.38,7901449737501.05,2.30,6.30
1092,3218.91,922728.54,2010877040.89,7885767008041.71,2.30,6.34
1093,3216.02,920701.56,2006915256.42,7870077764850.93,2.31,6.38
1094,3213.14,918682.62,2002977621.43,7854383682534.19,2.31,6.42
1095,3210.26,916670.92,1999063572.97,7838686446101.57,2.32,6.45
1096,3207.38,914665.69,1995172501.89,7822987750944.24,2.32,6.49
1097,3204.51,912666.10,1991303752.07,7807289302818.02,2.33,6.53
1098,3201.65,910671.32,1987456619.70,7791592817813.19,2.33,6.57
1099,3198.79,908680.48,1983630352.47,7775900022339.13,2.34,6.61
1100,3195.94,906692.72,1979824148.84,7760212653096.67,2.34,6.64
1101,3193.10,904707.14,1976037157.19,7744532457058.48,2.35,6.68
1102,3190.25,902722.83,1972268475.10,7728861191440.89,2.35,6.72
1103,3187.42,900738.85,1968517148.52,7713200623682.59,2.36,6.76
1104,3184.59,898754.24,1964782171.01,7697552531417.80,2.36,6.80
1105,3181.77,896768.03,1961062482.87,7681918702450.45,2.37,6.84
1106,3178.95,894779.23,1957356970.40,7666300934728.04,2.37,6.88
1107,3176.14,892786.81,1953664465.03,7650701036318.79,2.38,6.92
1108,3173.34,890789.74,1949983742.55,7635120825378.15,2.38,6.96
1109,3170.54,888786.96,1946313522.22,7619562130122.14,2.39,7.00
1110,3167.76,886777.38,1942652466.02,7604026788808.14,2.39,7.04
1111,3164.97,884759.91,1938999177.70,7588516649691.15,2.40,7.08
1112,3162.20,882733.41,1935352202.08,7573033571009.90,2.40,7.12
1113,3159.43,880696.75,1931710024.03,7557579420943.76,2.41,7.16
1114,3156.67,878648.75,1928071067.75,7542156077591.42,2.41,7.20
1115,3153.92,876588.22,1924433695.85,7526765428935.52,2.42,7.24
1116,3151.18,874513.94,1920796208.49,7511409372816.40,2.42,7.28
1117,3148.45,872424.68,1917156842.50,7496089816892.08,2.43,7.32
1118,3145.72,870319.18,1913513770.50,7480808678611.33,2.43,7.36
1119,3143.01,868196.15,1909865100.01,7465567885181.66,2.44,7.40
1120,3140.30,866054.29,1906208872.58,7450369373533.01,2.44,7.45
1121,3137.60,863892.27,1902543062.86,7435215090283.13,2.45,7.49
1122,3134.91,861708.72,1898865577.71,7420106991706.44,2.45,7.53
1123,3132.23,859502.27,1895174255.32,7405047043694.95,2.46,7.57
1124,3129.56,857271.52,1891466864.19,7390037221724.83,2.46,7.62
1125,3126.91,855015.04,1887741102.36,7375079510820.89,2.47,7.66
1126,3124.26,852731.38,1883994596.34,7360175905518.09,2.47,7.71
1127,3121.62,850419.05,1880224900.24,7345328409824.82,2.48,7.75
1128,3119.00,848076.55,1876429494.84,7330539037183.18,2.48,7.79
1129,3116.38,845702.36,1872605786.62,7315809810435.58,2.49,7.84
1130,3113.78,843294.92,1868751106.78,7301142761781.30,2.49,7.88
1131,3111.19,840852.65,1864862710.34,7286539932736.67,2.50,7.93
1132,3108.61,838373.95,1860937775.11,7272003374098.81,2.50,7.97
1133,3106.05,835857.18,1856973400.78,7257535145900.97,2.51,8.02
1134,3103.50,833300.67,1852966607.88,7243137317373.24,2.51,8.07
1135,3100.96,830702.76,1848914336.84,7228811966901.12,2.52,8.11
1136,3098.44,828061.72,1844813446.96,7214561181983.65,2.52,8.16
1137,3095.93,825375.81,1840660715.46,7200387059184.16,2.53,8.21
1138,3093.44,822643.27,1836452836.42,7186291704098.20,2.53,8.25
1139,3090.96,819862.30,1832186419.81,7172277231299.72,2.54,8.30
1140,3088.49,817031.07,1827857990.44,7158345764301.96,2.54,8.35
1141,3086.05,814147.75,1823463986.98,7144499435507.09,2.55,8.40
1142,3083.62,811210.43,1819000760.88,7130740386166.67,2.55,8.45
1143,3081.20,808217.23,1814464575.39,7117070766331.26,2.56,8.50
1144,3078.80,805166.20,1809851604.45,7103492734802.97,2.56,8.55
1145,3076.42,802055.38,1805157931.68,7090008459090.96,2.57,8.60
1146,3074.06,798882.76,1800379549.33,7076620115361.28,2.57,8.65
1147,3071.72,795646.34,1795512357.20,7063329888387.55,2.58,8.70
1148,3069.39,792344.04,1790552161.57,7050139971503.88,2.58,8.75
1149,3067.09,788973.79,1785494674.13,7037052566553.42,2.59,8.80
1150,3064.81,785533.48,1780335510.91,7024069883839.00,2.60,8.85
1151,3062.54,782020.95,1775070191.17,7011194142068.15,2.60,8.90
1152,3060.30,778434.04,1769694136.31,6998427568310.18,2.61,8.96
1153,3058.08,774770.53,1764202668.75,6985772397933.85,2.61,9.01
1154,3055.88,771028.19,1758591010.91,6973230874558.84,2.62,9.06
1155,3053.70,767204.75,1752854283.94,6960805250007.40,2.62,9.12
1156,3051.55,763297.92,1746987506.75,6948497784239.44,2.63,9.17
1157,3049.42,759305.34,1740985594.77,6936310745310.21,2.63,9.23
1158,3047.31,755224.67,1734843358.88,6924246409299.91,2.64,9.29
1159,3045.23,751053.50,1728555504.26,6912307060276.34,2.64,9.34
1160,3043.18,746789.41,1722116629.21,6900494990223.74,2.65,9.40
1161,3041.15,742429.93,1715521224.00,6888812498990.18,2.65,9.46
1162,3039.15,737972.57,1708763669.74,6877261894232.93,2.66,9.52
1163,3037.17,733414.80,1701838237.21,6865845491354.75,2.66,9.57
1164,3035.23,728754.05,1694739085.60,6854565613450.98,2.67,9.63
1165,3033.31,723987.74,1687460261.46,6843424591245.55,2.67,9.69
1166,3031.42,719113.22,1679995697.40,6832424763031.98,2.68,9.75
1167,3029.56,714127.83,1672339210.95,6821568474612.58,2.68,9.81
1168,3027.74,709028.88,1664484503.34,6810858079237.58,2.69,9.88
1169,3025.94,703813.64,1656425158.27,6800295937544.25,2.70,9.94
1170,3024.18,698479.32,1648154640.73,6789884417493.16,2.70,10.00
1171,3022.45,693023.12,1639666295.78,6779625894300.77,2.71,10.06
1172,3020.75,687442.22,1630953347.27,6769522750384.75,2.71,10.13
1173,3019.09,681733.72,1622008896.62,6759577375287.53,2.72,10.19
1174,3017.46,675894.72,1612825921.59,6749792165626.25,2.72,10.26
1175,3015.87,669922.26,1603397275.04,6740169525010.22,2.73,10.33
1176,3014.32,663813.37,1593715683.65,6730711863990.09,2.73,10.39
1177,3012.80,657565.01,1583773746.63,6721421599976.58,2.74,10.46